County Name,Date,AQI,Category,Year
Allegheny,2019-01-01,31,Good,2019
Allegheny,2019-01-02,103,Unhealthy for Sensitive Groups,2019
Allegheny,2019-01-03,105,Unhealthy for Sensitive Groups,2019
Allegheny,2019-01-04,82,Moderate,2019
Allegheny,2019-01-05,55,Moderate,2019
Allegheny,2019-01-06,46,Good,2019
Allegheny,2019-01-07,104,Unhealthy for Sensitive Groups,2019
Allegheny,2019-01-08,103,Unhealthy for Sensitive Groups,2019
Allegheny,2019-01-09,44,Good,2019
Allegheny,2019-01-10,54,Moderate,2019
Allegheny,2019-01-11,50,Good,2019
Allegheny,2019-01-12,58,Moderate,2019
Allegheny,2019-01-13,65,Moderate,2019
Allegheny,2019-01-14,54,Moderate,2019
Allegheny,2019-01-15,60,Moderate,2019
Allegheny,2019-01-16,48,Good,2019
Allegheny,2019-01-17,54,Moderate,2019
Allegheny,2019-01-18,60,Moderate,2019
Allegheny,2019-01-19,59,Moderate,2019
Allegheny,2019-01-20,38,Good,2019
Allegheny,2019-01-21,40,Good,2019
Allegheny,2019-01-22,62,Moderate,2019
Allegheny,2019-01-23,86,Moderate,2019
Allegheny,2019-01-24,67,Moderate,2019
Allegheny,2019-01-25,45,Good,2019
Allegheny,2019-01-26,49,Good,2019
Allegheny,2019-01-27,52,Moderate,2019
Allegheny,2019-01-28,76,Moderate,2019
Allegheny,2019-01-29,69,Moderate,2019
Allegheny,2019-01-30,77,Moderate,2019
Allegheny,2019-01-31,42,Good,2019
Allegheny,2019-02-01,71,Moderate,2019
Allegheny,2019-02-02,158,Unhealthy,2019
Allegheny,2019-02-03,161,Unhealthy,2019
Allegheny,2019-02-04,161,Unhealthy,2019
Allegheny,2019-02-05,52,Moderate,2019
Allegheny,2019-02-06,62,Moderate,2019
Allegheny,2019-02-07,55,Moderate,2019
Allegheny,2019-02-08,41,Good,2019
Allegheny,2019-02-09,45,Good,2019
Allegheny,2019-02-10,60,Moderate,2019
Allegheny,2019-02-11,66,Moderate,2019
Allegheny,2019-02-12,28,Good,2019
Allegheny,2019-02-13,37,Good,2019
Allegheny,2019-02-14,80,Moderate,2019
Allegheny,2019-02-15,60,Moderate,2019
Allegheny,2019-02-16,40,Good,2019
Allegheny,2019-02-17,42,Good,2019
Allegheny,2019-02-18,51,Moderate,2019
Allegheny,2019-02-19,65,Moderate,2019
Allegheny,2019-02-20,42,Good,2019
Allegheny,2019-02-21,62,Moderate,2019
Allegheny,2019-02-22,67,Moderate,2019
Allegheny,2019-02-23,59,Moderate,2019
Allegheny,2019-02-24,43,Good,2019
Allegheny,2019-02-25,40,Good,2019
Allegheny,2019-02-26,43,Good,2019
Allegheny,2019-02-27,54,Moderate,2019
Allegheny,2019-02-28,52,Moderate,2019
Allegheny,2019-03-01,59,Moderate,2019
Allegheny,2019-03-02,66,Moderate,2019
Allegheny,2019-03-03,70,Moderate,2019
Allegheny,2019-03-04,41,Good,2019
Allegheny,2019-03-05,54,Moderate,2019
Allegheny,2019-03-06,54,Moderate,2019
Allegheny,2019-03-07,62,Moderate,2019
Allegheny,2019-03-08,71,Moderate,2019
Allegheny,2019-03-09,67,Moderate,2019
Allegheny,2019-03-10,54,Moderate,2019
Allegheny,2019-03-11,44,Good,2019
Allegheny,2019-03-12,54,Moderate,2019
Allegheny,2019-03-13,60,Moderate,2019
Allegheny,2019-03-14,68,Moderate,2019
Allegheny,2019-03-15,42,Good,2019
Allegheny,2019-03-16,42,Good,2019
Allegheny,2019-03-17,44,Good,2019
Allegheny,2019-03-18,43,Good,2019
Allegheny,2019-03-19,76,Moderate,2019
Allegheny,2019-03-20,71,Moderate,2019
Allegheny,2019-03-21,63,Moderate,2019
Allegheny,2019-03-22,41,Good,2019
Allegheny,2019-03-23,80,Moderate,2019
Allegheny,2019-03-24,108,Unhealthy for Sensitive Groups,2019
Allegheny,2019-03-25,49,Good,2019
Allegheny,2019-03-26,44,Good,2019
Allegheny,2019-03-27,45,Good,2019
Allegheny,2019-03-28,104,Unhealthy for Sensitive Groups,2019
Allegheny,2019-03-29,67,Moderate,2019
Allegheny,2019-03-30,83,Moderate,2019
Allegheny,2019-03-31,40,Good,2019
Allegheny,2019-04-01,43,Good,2019
Allegheny,2019-04-02,53,Moderate,2019
Allegheny,2019-04-03,91,Moderate,2019
Allegheny,2019-04-04,95,Moderate,2019
Allegheny,2019-04-05,44,Good,2019
Allegheny,2019-04-06,64,Moderate,2019
Allegheny,2019-04-07,72,Moderate,2019
Allegheny,2019-04-08,48,Good,2019
Allegheny,2019-04-09,54,Moderate,2019
Allegheny,2019-04-10,40,Good,2019
Allegheny,2019-04-11,46,Good,2019
Allegheny,2019-04-12,56,Moderate,2019
Allegheny,2019-04-13,51,Moderate,2019
Allegheny,2019-04-14,53,Moderate,2019
Allegheny,2019-04-15,44,Good,2019
Allegheny,2019-04-16,51,Moderate,2019
Allegheny,2019-04-17,74,Moderate,2019
Allegheny,2019-04-18,77,Moderate,2019
Allegheny,2019-04-19,60,Moderate,2019
Allegheny,2019-04-20,58,Moderate,2019
Allegheny,2019-04-21,35,Good,2019
Allegheny,2019-04-22,61,Moderate,2019
Allegheny,2019-04-23,87,Moderate,2019
Allegheny,2019-04-24,48,Good,2019
Allegheny,2019-04-25,60,Moderate,2019
Allegheny,2019-04-26,43,Good,2019
Allegheny,2019-04-27,51,Moderate,2019
Allegheny,2019-04-28,43,Good,2019
Allegheny,2019-04-29,44,Good,2019
Allegheny,2019-04-30,50,Good,2019
Allegheny,2019-05-01,58,Moderate,2019
Allegheny,2019-05-02,54,Moderate,2019
Allegheny,2019-05-03,56,Moderate,2019
Allegheny,2019-05-04,42,Good,2019
Allegheny,2019-05-05,32,Good,2019
Allegheny,2019-05-06,91,Moderate,2019
Allegheny,2019-05-07,77,Moderate,2019
Allegheny,2019-05-08,64,Moderate,2019
Allegheny,2019-05-09,58,Moderate,2019
Allegheny,2019-05-10,40,Good,2019
Allegheny,2019-05-11,43,Good,2019
Allegheny,2019-05-12,29,Good,2019
Allegheny,2019-05-13,30,Good,2019
Allegheny,2019-05-14,37,Good,2019
Allegheny,2019-05-15,65,Moderate,2019
Allegheny,2019-05-16,57,Moderate,2019
Allegheny,2019-05-17,69,Moderate,2019
Allegheny,2019-05-18,61,Moderate,2019
Allegheny,2019-05-19,73,Moderate,2019
Allegheny,2019-05-20,42,Good,2019
Allegheny,2019-05-21,30,Good,2019
Allegheny,2019-05-22,51,Moderate,2019
Allegheny,2019-05-23,59,Moderate,2019
Allegheny,2019-05-24,61,Moderate,2019
Allegheny,2019-05-25,70,Moderate,2019
Allegheny,2019-05-26,55,Moderate,2019
Allegheny,2019-05-27,41,Good,2019
Allegheny,2019-05-28,62,Moderate,2019
Allegheny,2019-05-29,56,Moderate,2019
Allegheny,2019-05-30,40,Good,2019
Allegheny,2019-05-31,57,Moderate,2019
Allegheny,2019-06-01,69,Moderate,2019
Allegheny,2019-06-02,66,Moderate,2019
Allegheny,2019-06-03,43,Good,2019
Allegheny,2019-06-04,69,Moderate,2019
Allegheny,2019-06-05,86,Moderate,2019
Allegheny,2019-06-06,51,Moderate,2019
Allegheny,2019-06-07,50,Good,2019
Allegheny,2019-06-08,48,Good,2019
Allegheny,2019-06-09,44,Good,2019
Allegheny,2019-06-10,31,Good,2019
Allegheny,2019-06-11,43,Good,2019
Allegheny,2019-06-12,43,Good,2019
Allegheny,2019-06-13,39,Good,2019
Allegheny,2019-06-14,39,Good,2019
Allegheny,2019-06-15,67,Moderate,2019
Allegheny,2019-06-16,60,Moderate,2019
Allegheny,2019-06-17,43,Good,2019
Allegheny,2019-06-18,42,Good,2019
Allegheny,2019-06-19,44,Good,2019
Allegheny,2019-06-20,39,Good,2019
Allegheny,2019-06-21,37,Good,2019
Allegheny,2019-06-22,56,Moderate,2019
Allegheny,2019-06-23,61,Moderate,2019
Allegheny,2019-06-24,67,Moderate,2019
Allegheny,2019-06-25,48,Good,2019
Allegheny,2019-06-26,67,Moderate,2019
Allegheny,2019-06-27,90,Moderate,2019
Allegheny,2019-06-28,87,Moderate,2019
Allegheny,2019-06-29,67,Moderate,2019
Allegheny,2019-06-30,50,Good,2019
Allegheny,2019-07-01,66,Moderate,2019
Allegheny,2019-07-02,81,Moderate,2019
Allegheny,2019-07-03,52,Moderate,2019
Allegheny,2019-07-04,73,Moderate,2019
Allegheny,2019-07-05,79,Moderate,2019
Allegheny,2019-07-06,56,Moderate,2019
Allegheny,2019-07-07,54,Moderate,2019
Allegheny,2019-07-08,54,Moderate,2019
Allegheny,2019-07-09,80,Moderate,2019
Allegheny,2019-07-10,66,Moderate,2019
Allegheny,2019-07-11,49,Good,2019
Allegheny,2019-07-12,50,Good,2019
Allegheny,2019-07-13,78,Moderate,2019
Allegheny,2019-07-14,52,Moderate,2019
Allegheny,2019-07-15,80,Moderate,2019
Allegheny,2019-07-16,75,Moderate,2019
Allegheny,2019-07-17,51,Moderate,2019
Allegheny,2019-07-18,49,Good,2019
Allegheny,2019-07-19,68,Moderate,2019
Allegheny,2019-07-20,64,Moderate,2019
Allegheny,2019-07-21,54,Moderate,2019
Allegheny,2019-07-22,40,Good,2019
Allegheny,2019-07-23,42,Good,2019
Allegheny,2019-07-24,72,Moderate,2019
Allegheny,2019-07-25,71,Moderate,2019
Allegheny,2019-07-26,71,Moderate,2019
Allegheny,2019-07-27,67,Moderate,2019
Allegheny,2019-07-28,71,Moderate,2019
Allegheny,2019-07-29,75,Moderate,2019
Allegheny,2019-07-30,57,Moderate,2019
Allegheny,2019-07-31,54,Moderate,2019
Allegheny,2019-08-01,54,Moderate,2019
Allegheny,2019-08-02,80,Moderate,2019
Allegheny,2019-08-03,67,Moderate,2019
Allegheny,2019-08-04,59,Moderate,2019
Allegheny,2019-08-05,71,Moderate,2019
Allegheny,2019-08-06,74,Moderate,2019
Allegheny,2019-08-07,54,Moderate,2019
Allegheny,2019-08-08,54,Moderate,2019
Allegheny,2019-08-09,45,Good,2019
Allegheny,2019-08-10,55,Moderate,2019
Allegheny,2019-08-11,75,Moderate,2019
Allegheny,2019-08-12,67,Moderate,2019
Allegheny,2019-08-13,52,Moderate,2019
Allegheny,2019-08-14,54,Moderate,2019
Allegheny,2019-08-15,59,Moderate,2019
Allegheny,2019-08-16,56,Moderate,2019
Allegheny,2019-08-17,63,Moderate,2019
Allegheny,2019-08-18,58,Moderate,2019
Allegheny,2019-08-19,71,Moderate,2019
Allegheny,2019-08-20,71,Moderate,2019
Allegheny,2019-08-21,45,Good,2019
Allegheny,2019-08-22,44,Good,2019
Allegheny,2019-08-23,35,Good,2019
Allegheny,2019-08-24,33,Good,2019
Allegheny,2019-08-25,40,Good,2019
Allegheny,2019-08-26,35,Good,2019
Allegheny,2019-08-27,44,Good,2019
Allegheny,2019-08-28,41,Good,2019
Allegheny,2019-08-29,54,Moderate,2019
Allegheny,2019-08-30,54,Moderate,2019
Allegheny,2019-08-31,40,Good,2019
Allegheny,2019-09-01,40,Good,2019
Allegheny,2019-09-02,47,Good,2019
Allegheny,2019-09-03,66,Moderate,2019
Allegheny,2019-09-04,52,Moderate,2019
Allegheny,2019-09-05,38,Good,2019
Allegheny,2019-09-06,44,Good,2019
Allegheny,2019-09-07,56,Moderate,2019
Allegheny,2019-09-08,63,Moderate,2019
Allegheny,2019-09-09,44,Good,2019
Allegheny,2019-09-10,74,Moderate,2019
Allegheny,2019-09-11,87,Moderate,2019
Allegheny,2019-09-12,52,Moderate,2019
Allegheny,2019-09-13,40,Good,2019
Allegheny,2019-09-14,39,Good,2019
Allegheny,2019-09-15,66,Moderate,2019
Allegheny,2019-09-16,67,Moderate,2019
Allegheny,2019-09-17,43,Good,2019
Allegheny,2019-09-18,44,Good,2019
Allegheny,2019-09-19,50,Good,2019
Allegheny,2019-09-20,64,Moderate,2019
Allegheny,2019-09-21,87,Moderate,2019
Allegheny,2019-09-22,85,Moderate,2019
Allegheny,2019-09-23,59,Moderate,2019
Allegheny,2019-09-24,45,Good,2019
Allegheny,2019-09-25,80,Moderate,2019
Allegheny,2019-09-26,47,Good,2019
Allegheny,2019-09-27,60,Moderate,2019
Allegheny,2019-09-28,70,Moderate,2019
Allegheny,2019-09-29,42,Good,2019
Allegheny,2019-09-30,54,Moderate,2019
Allegheny,2019-10-01,77,Moderate,2019
Allegheny,2019-10-02,70,Moderate,2019
Allegheny,2019-10-03,56,Moderate,2019
Allegheny,2019-10-04,25,Good,2019
Allegheny,2019-10-05,33,Good,2019
Allegheny,2019-10-06,53,Moderate,2019
Allegheny,2019-10-07,32,Good,2019
Allegheny,2019-10-08,37,Good,2019
Allegheny,2019-10-09,34,Good,2019
Allegheny,2019-10-10,40,Good,2019
Allegheny,2019-10-11,43,Good,2019
Allegheny,2019-10-12,33,Good,2019
Allegheny,2019-10-13,55,Moderate,2019
Allegheny,2019-10-14,69,Moderate,2019
Allegheny,2019-10-15,59,Moderate,2019
Allegheny,2019-10-16,46,Good,2019
Allegheny,2019-10-17,26,Good,2019
Allegheny,2019-10-18,31,Good,2019
Allegheny,2019-10-19,54,Moderate,2019
Allegheny,2019-10-20,59,Moderate,2019
Allegheny,2019-10-21,45,Good,2019
Allegheny,2019-10-22,38,Good,2019
Allegheny,2019-10-23,59,Moderate,2019
Allegheny,2019-10-24,70,Moderate,2019
Allegheny,2019-10-25,95,Moderate,2019
Allegheny,2019-10-26,56,Moderate,2019
Allegheny,2019-10-27,34,Good,2019
Allegheny,2019-10-28,58,Moderate,2019
Allegheny,2019-10-29,59,Moderate,2019
Allegheny,2019-10-30,57,Moderate,2019
Allegheny,2019-10-31,25,Good,2019
Allegheny,2019-11-01,42,Good,2019
Allegheny,2019-11-02,71,Moderate,2019
Allegheny,2019-11-03,49,Good,2019
Allegheny,2019-11-04,95,Moderate,2019
Allegheny,2019-11-05,80,Moderate,2019
Allegheny,2019-11-06,59,Moderate,2019
Allegheny,2019-11-07,41,Good,2019
Allegheny,2019-11-08,39,Good,2019
Allegheny,2019-11-09,55,Moderate,2019
Allegheny,2019-11-10,59,Moderate,2019
Allegheny,2019-11-11,67,Moderate,2019
Allegheny,2019-11-12,31,Good,2019
Allegheny,2019-11-13,46,Good,2019
Allegheny,2019-11-14,57,Moderate,2019
Allegheny,2019-11-15,91,Moderate,2019
Allegheny,2019-11-16,48,Good,2019
Allegheny,2019-11-17,34,Good,2019
Allegheny,2019-11-18,56,Moderate,2019
Allegheny,2019-11-19,95,Moderate,2019
Allegheny,2019-11-20,82,Moderate,2019
Allegheny,2019-11-21,76,Moderate,2019
Allegheny,2019-11-22,29,Good,2019
Allegheny,2019-11-23,45,Good,2019
Allegheny,2019-11-24,56,Moderate,2019
Allegheny,2019-11-25,74,Moderate,2019
Allegheny,2019-11-26,90,Moderate,2019
Allegheny,2019-11-27,59,Moderate,2019
Allegheny,2019-11-28,26,Good,2019
Allegheny,2019-11-29,33,Good,2019
Allegheny,2019-11-30,52,Moderate,2019
Allegheny,2019-12-01,38,Good,2019
Allegheny,2019-12-02,37,Good,2019
Allegheny,2019-12-03,38,Good,2019
Allegheny,2019-12-04,53,Moderate,2019
Allegheny,2019-12-05,53,Moderate,2019
Allegheny,2019-12-06,78,Moderate,2019
Allegheny,2019-12-07,45,Good,2019
Allegheny,2019-12-08,60,Moderate,2019
Allegheny,2019-12-09,45,Good,2019
Allegheny,2019-12-10,39,Good,2019
Allegheny,2019-12-11,50,Good,2019
Allegheny,2019-12-12,60,Moderate,2019
Allegheny,2019-12-13,58,Moderate,2019
Allegheny,2019-12-14,49,Good,2019
Allegheny,2019-12-15,69,Moderate,2019
Allegheny,2019-12-16,64,Moderate,2019
Allegheny,2019-12-17,43,Good,2019
Allegheny,2019-12-18,49,Good,2019
Allegheny,2019-12-19,41,Good,2019
Allegheny,2019-12-20,96,Moderate,2019
Allegheny,2019-12-21,115,Unhealthy for Sensitive Groups,2019
Allegheny,2019-12-22,136,Unhealthy for Sensitive Groups,2019
Allegheny,2019-12-23,152,Unhealthy,2019
Allegheny,2019-12-24,143,Unhealthy for Sensitive Groups,2019
Allegheny,2019-12-25,106,Unhealthy for Sensitive Groups,2019
Allegheny,2019-12-26,124,Unhealthy for Sensitive Groups,2019
Allegheny,2019-12-27,77,Moderate,2019
Allegheny,2019-12-28,81,Moderate,2019
Allegheny,2019-12-29,63,Moderate,2019
Allegheny,2019-12-30,35,Good,2019
Allegheny,2019-12-31,28,Good,2019
Allegheny,2017-01-01,53,Moderate,2017
Allegheny,2017-01-02,36,Good,2017
Allegheny,2017-01-03,27,Good,2017
Allegheny,2017-01-04,31,Good,2017
Allegheny,2017-01-05,31,Good,2017
Allegheny,2017-01-06,58,Moderate,2017
Allegheny,2017-01-07,63,Moderate,2017
Allegheny,2017-01-08,47,Good,2017
Allegheny,2017-01-09,55,Moderate,2017
Allegheny,2017-01-10,70,Moderate,2017
Allegheny,2017-01-11,42,Good,2017
Allegheny,2017-01-12,44,Good,2017
Allegheny,2017-01-13,34,Good,2017
Allegheny,2017-01-14,43,Good,2017
Allegheny,2017-01-15,68,Moderate,2017
Allegheny,2017-01-16,86,Moderate,2017
Allegheny,2017-01-17,63,Moderate,2017
Allegheny,2017-01-18,22,Good,2017
Allegheny,2017-01-19,40,Good,2017
Allegheny,2017-01-20,62,Moderate,2017
Allegheny,2017-01-21,120,Unhealthy for Sensitive Groups,2017
Allegheny,2017-01-22,55,Moderate,2017
Allegheny,2017-01-23,25,Good,2017
Allegheny,2017-01-24,33,Good,2017
Allegheny,2017-01-25,36,Good,2017
Allegheny,2017-01-26,27,Good,2017
Allegheny,2017-01-27,24,Good,2017
Allegheny,2017-01-28,39,Good,2017
Allegheny,2017-01-29,36,Good,2017
Allegheny,2017-01-30,38,Good,2017
Allegheny,2017-01-31,32,Good,2017
Allegheny,2017-02-01,37,Good,2017
Allegheny,2017-02-02,37,Good,2017
Allegheny,2017-02-03,54,Moderate,2017
Allegheny,2017-02-04,33,Good,2017
Allegheny,2017-02-05,55,Moderate,2017
Allegheny,2017-02-06,82,Moderate,2017
Allegheny,2017-02-07,70,Moderate,2017
Allegheny,2017-02-08,38,Good,2017
Allegheny,2017-02-09,35,Good,2017
Allegheny,2017-02-10,85,Moderate,2017
Allegheny,2017-02-11,81,Moderate,2017
Allegheny,2017-02-12,56,Moderate,2017
Allegheny,2017-02-13,38,Good,2017
Allegheny,2017-02-14,70,Moderate,2017
Allegheny,2017-02-15,35,Good,2017
Allegheny,2017-02-16,37,Good,2017
Allegheny,2017-02-17,102,Unhealthy for Sensitive Groups,2017
Allegheny,2017-02-18,85,Moderate,2017
Allegheny,2017-02-19,61,Moderate,2017
Allegheny,2017-02-20,103,Unhealthy for Sensitive Groups,2017
Allegheny,2017-02-21,63,Moderate,2017
Allegheny,2017-02-22,84,Moderate,2017
Allegheny,2017-02-23,63,Moderate,2017
Allegheny,2017-02-24,60,Moderate,2017
Allegheny,2017-02-25,37,Good,2017
Allegheny,2017-02-26,37,Good,2017
Allegheny,2017-02-27,76,Moderate,2017
Allegheny,2017-02-28,61,Moderate,2017
Allegheny,2017-03-01,39,Good,2017
Allegheny,2017-03-02,39,Good,2017
Allegheny,2017-03-03,38,Good,2017
Allegheny,2017-03-04,41,Good,2017
Allegheny,2017-03-05,41,Good,2017
Allegheny,2017-03-06,140,Unhealthy for Sensitive Groups,2017
Allegheny,2017-03-07,61,Moderate,2017
Allegheny,2017-03-08,49,Good,2017
Allegheny,2017-03-09,48,Good,2017
Allegheny,2017-03-10,44,Good,2017
Allegheny,2017-03-11,42,Good,2017
Allegheny,2017-03-12,45,Good,2017
Allegheny,2017-03-13,43,Good,2017
Allegheny,2017-03-14,43,Good,2017
Allegheny,2017-03-15,45,Good,2017
Allegheny,2017-03-16,46,Good,2017
Allegheny,2017-03-17,87,Moderate,2017
Allegheny,2017-03-18,62,Moderate,2017
Allegheny,2017-03-19,54,Moderate,2017
Allegheny,2017-03-20,59,Moderate,2017
Allegheny,2017-03-21,52,Moderate,2017
Allegheny,2017-03-22,45,Good,2017
Allegheny,2017-03-23,48,Good,2017
Allegheny,2017-03-24,80,Moderate,2017
Allegheny,2017-03-25,74,Moderate,2017
Allegheny,2017-03-26,59,Moderate,2017
Allegheny,2017-03-27,49,Good,2017
Allegheny,2017-03-28,53,Moderate,2017
Allegheny,2017-03-29,49,Good,2017
Allegheny,2017-03-30,36,Good,2017
Allegheny,2017-03-31,36,Good,2017
Allegheny,2017-04-01,41,Good,2017
Allegheny,2017-04-02,48,Good,2017
Allegheny,2017-04-03,44,Good,2017
Allegheny,2017-04-04,48,Good,2017
Allegheny,2017-04-05,51,Moderate,2017
Allegheny,2017-04-06,40,Good,2017
Allegheny,2017-04-07,51,Moderate,2017
Allegheny,2017-04-08,75,Moderate,2017
Allegheny,2017-04-09,90,Moderate,2017
Allegheny,2017-04-10,100,Moderate,2017
Allegheny,2017-04-11,100,Moderate,2017
Allegheny,2017-04-12,48,Good,2017
Allegheny,2017-04-13,48,Good,2017
Allegheny,2017-04-14,105,Unhealthy for Sensitive Groups,2017
Allegheny,2017-04-15,87,Moderate,2017
Allegheny,2017-04-16,53,Moderate,2017
Allegheny,2017-04-17,49,Good,2017
Allegheny,2017-04-18,87,Moderate,2017
Allegheny,2017-04-19,46,Good,2017
Allegheny,2017-04-20,53,Moderate,2017
Allegheny,2017-04-21,47,Good,2017
Allegheny,2017-04-22,39,Good,2017
Allegheny,2017-04-23,51,Moderate,2017
Allegheny,2017-04-24,71,Moderate,2017
Allegheny,2017-04-25,42,Good,2017
Allegheny,2017-04-26,58,Moderate,2017
Allegheny,2017-04-27,67,Moderate,2017
Allegheny,2017-04-28,55,Moderate,2017
Allegheny,2017-04-29,40,Good,2017
Allegheny,2017-04-30,57,Moderate,2017
Allegheny,2017-05-01,55,Moderate,2017
Allegheny,2017-05-02,54,Moderate,2017
Allegheny,2017-05-03,47,Good,2017
Allegheny,2017-05-04,46,Good,2017
Allegheny,2017-05-05,43,Good,2017
Allegheny,2017-05-06,35,Good,2017
Allegheny,2017-05-07,44,Good,2017
Allegheny,2017-05-08,48,Good,2017
Allegheny,2017-05-09,80,Moderate,2017
Allegheny,2017-05-10,101,Unhealthy for Sensitive Groups,2017
Allegheny,2017-05-11,40,Good,2017
Allegheny,2017-05-12,38,Good,2017
Allegheny,2017-05-13,57,Moderate,2017
Allegheny,2017-05-14,51,Moderate,2017
Allegheny,2017-05-15,44,Good,2017
Allegheny,2017-05-16,105,Unhealthy for Sensitive Groups,2017
Allegheny,2017-05-17,85,Moderate,2017
Allegheny,2017-05-18,82,Moderate,2017
Allegheny,2017-05-19,61,Moderate,2017
Allegheny,2017-05-20,40,Good,2017
Allegheny,2017-05-21,35,Good,2017
Allegheny,2017-05-22,44,Good,2017
Allegheny,2017-05-23,50,Good,2017
Allegheny,2017-05-24,44,Good,2017
Allegheny,2017-05-25,39,Good,2017
Allegheny,2017-05-26,37,Good,2017
Allegheny,2017-05-27,59,Moderate,2017
Allegheny,2017-05-28,59,Moderate,2017
Allegheny,2017-05-29,51,Moderate,2017
Allegheny,2017-05-30,71,Moderate,2017
Allegheny,2017-05-31,54,Moderate,2017
Allegheny,2017-06-01,58,Moderate,2017
Allegheny,2017-06-02,91,Moderate,2017
Allegheny,2017-06-03,86,Moderate,2017
Allegheny,2017-06-04,82,Moderate,2017
Allegheny,2017-06-05,64,Moderate,2017
Allegheny,2017-06-06,34,Good,2017
Allegheny,2017-06-07,27,Good,2017
Allegheny,2017-06-08,43,Good,2017
Allegheny,2017-06-09,64,Moderate,2017
Allegheny,2017-06-10,108,Unhealthy for Sensitive Groups,2017
Allegheny,2017-06-11,90,Moderate,2017
Allegheny,2017-06-12,87,Moderate,2017
Allegheny,2017-06-13,90,Moderate,2017
Allegheny,2017-06-14,105,Unhealthy for Sensitive Groups,2017
Allegheny,2017-06-15,63,Moderate,2017
Allegheny,2017-06-16,47,Good,2017
Allegheny,2017-06-17,51,Moderate,2017
Allegheny,2017-06-18,64,Moderate,2017
Allegheny,2017-06-19,48,Good,2017
Allegheny,2017-06-20,47,Good,2017
Allegheny,2017-06-21,67,Moderate,2017
Allegheny,2017-06-22,74,Moderate,2017
Allegheny,2017-06-23,28,Good,2017
Allegheny,2017-06-24,46,Good,2017
Allegheny,2017-06-25,44,Good,2017
Allegheny,2017-06-26,39,Good,2017
Allegheny,2017-06-27,50,Good,2017
Allegheny,2017-06-28,73,Moderate,2017
Allegheny,2017-06-29,71,Moderate,2017
Allegheny,2017-06-30,51,Moderate,2017
Allegheny,2017-07-01,45,Good,2017
Allegheny,2017-07-02,54,Moderate,2017
Allegheny,2017-07-03,64,Moderate,2017
Allegheny,2017-07-04,61,Moderate,2017
Allegheny,2017-07-05,119,Unhealthy for Sensitive Groups,2017
Allegheny,2017-07-06,60,Moderate,2017
Allegheny,2017-07-07,51,Moderate,2017
Allegheny,2017-07-08,40,Good,2017
Allegheny,2017-07-09,69,Moderate,2017
Allegheny,2017-07-10,67,Moderate,2017
Allegheny,2017-07-11,57,Moderate,2017
Allegheny,2017-07-12,70,Moderate,2017
Allegheny,2017-07-13,60,Moderate,2017
Allegheny,2017-07-14,56,Moderate,2017
Allegheny,2017-07-15,48,Good,2017
Allegheny,2017-07-16,80,Moderate,2017
Allegheny,2017-07-17,77,Moderate,2017
Allegheny,2017-07-18,90,Moderate,2017
Allegheny,2017-07-19,90,Moderate,2017
Allegheny,2017-07-20,87,Moderate,2017
Allegheny,2017-07-21,84,Moderate,2017
Allegheny,2017-07-22,62,Moderate,2017
Allegheny,2017-07-23,42,Good,2017
Allegheny,2017-07-24,45,Good,2017
Allegheny,2017-07-25,37,Good,2017
Allegheny,2017-07-26,58,Moderate,2017
Allegheny,2017-07-27,97,Moderate,2017
Allegheny,2017-07-28,54,Moderate,2017
Allegheny,2017-07-29,33,Good,2017
Allegheny,2017-07-30,54,Moderate,2017
Allegheny,2017-07-31,66,Moderate,2017
Allegheny,2017-08-01,105,Unhealthy for Sensitive Groups,2017
Allegheny,2017-08-02,90,Moderate,2017
Allegheny,2017-08-03,71,Moderate,2017
Allegheny,2017-08-04,58,Moderate,2017
Allegheny,2017-08-05,39,Good,2017
Allegheny,2017-08-06,54,Moderate,2017
Allegheny,2017-08-07,48,Good,2017
Allegheny,2017-08-08,51,Moderate,2017
Allegheny,2017-08-09,71,Moderate,2017
Allegheny,2017-08-10,56,Moderate,2017
Allegheny,2017-08-11,63,Moderate,2017
Allegheny,2017-08-12,130,Unhealthy for Sensitive Groups,2017
Allegheny,2017-08-13,114,Unhealthy for Sensitive Groups,2017
Allegheny,2017-08-14,58,Moderate,2017
Allegheny,2017-08-15,119,Unhealthy for Sensitive Groups,2017
Allegheny,2017-08-16,87,Moderate,2017
Allegheny,2017-08-17,58,Moderate,2017
Allegheny,2017-08-18,120,Unhealthy for Sensitive Groups,2017
Allegheny,2017-08-19,96,Moderate,2017
Allegheny,2017-08-20,67,Moderate,2017
Allegheny,2017-08-21,113,Unhealthy for Sensitive Groups,2017
Allegheny,2017-08-22,105,Unhealthy for Sensitive Groups,2017
Allegheny,2017-08-23,40,Good,2017
Allegheny,2017-08-24,56,Moderate,2017
Allegheny,2017-08-25,48,Good,2017
Allegheny,2017-08-26,54,Moderate,2017
Allegheny,2017-08-27,55,Moderate,2017
Allegheny,2017-08-28,46,Good,2017
Allegheny,2017-08-29,45,Good,2017
Allegheny,2017-08-30,50,Good,2017
Allegheny,2017-08-31,60,Moderate,2017
Allegheny,2017-09-01,30,Good,2017
Allegheny,2017-09-02,31,Good,2017
Allegheny,2017-09-03,52,Moderate,2017
Allegheny,2017-09-04,81,Moderate,2017
Allegheny,2017-09-05,75,Moderate,2017
Allegheny,2017-09-06,58,Moderate,2017
Allegheny,2017-09-07,30,Good,2017
Allegheny,2017-09-08,34,Good,2017
Allegheny,2017-09-09,40,Good,2017
Allegheny,2017-09-10,36,Good,2017
Allegheny,2017-09-11,36,Good,2017
Allegheny,2017-09-12,37,Good,2017
Allegheny,2017-09-13,54,Moderate,2017
Allegheny,2017-09-14,34,Good,2017
Allegheny,2017-09-15,74,Moderate,2017
Allegheny,2017-09-16,74,Moderate,2017
Allegheny,2017-09-17,69,Moderate,2017
Allegheny,2017-09-18,63,Moderate,2017
Allegheny,2017-09-19,71,Moderate,2017
Allegheny,2017-09-20,71,Moderate,2017
Allegheny,2017-09-21,101,Unhealthy for Sensitive Groups,2017
Allegheny,2017-09-22,65,Moderate,2017
Allegheny,2017-09-23,74,Moderate,2017
Allegheny,2017-09-24,71,Moderate,2017
Allegheny,2017-09-25,85,Moderate,2017
Allegheny,2017-09-26,140,Unhealthy for Sensitive Groups,2017
Allegheny,2017-09-27,105,Unhealthy for Sensitive Groups,2017
Allegheny,2017-09-28,44,Good,2017
Allegheny,2017-09-29,42,Good,2017
Allegheny,2017-09-30,53,Moderate,2017
Allegheny,2017-10-01,41,Good,2017
Allegheny,2017-10-02,55,Moderate,2017
Allegheny,2017-10-03,72,Moderate,2017
Allegheny,2017-10-04,105,Unhealthy for Sensitive Groups,2017
Allegheny,2017-10-05,66,Moderate,2017
Allegheny,2017-10-06,66,Moderate,2017
Allegheny,2017-10-07,58,Moderate,2017
Allegheny,2017-10-08,36,Good,2017
Allegheny,2017-10-09,27,Good,2017
Allegheny,2017-10-10,58,Moderate,2017
Allegheny,2017-10-11,46,Good,2017
Allegheny,2017-10-12,41,Good,2017
Allegheny,2017-10-13,32,Good,2017
Allegheny,2017-10-14,58,Moderate,2017
Allegheny,2017-10-15,110,Unhealthy for Sensitive Groups,2017
Allegheny,2017-10-16,31,Good,2017
Allegheny,2017-10-17,84,Moderate,2017
Allegheny,2017-10-18,101,Unhealthy for Sensitive Groups,2017
Allegheny,2017-10-19,90,Moderate,2017
Allegheny,2017-10-20,114,Unhealthy for Sensitive Groups,2017
Allegheny,2017-10-21,81,Moderate,2017
Allegheny,2017-10-22,74,Moderate,2017
Allegheny,2017-10-23,41,Good,2017
Allegheny,2017-10-24,35,Good,2017
Allegheny,2017-10-25,28,Good,2017
Allegheny,2017-10-26,56,Moderate,2017
Allegheny,2017-10-27,49,Good,2017
Allegheny,2017-10-28,40,Good,2017
Allegheny,2017-10-29,28,Good,2017
Allegheny,2017-10-30,31,Good,2017
Allegheny,2017-10-31,30,Good,2017
Allegheny,2017-11-01,43,Good,2017
Allegheny,2017-11-02,75,Moderate,2017
Allegheny,2017-11-03,48,Good,2017
Allegheny,2017-11-04,35,Good,2017
Allegheny,2017-11-05,42,Good,2017
Allegheny,2017-11-06,65,Moderate,2017
Allegheny,2017-11-07,29,Good,2017
Allegheny,2017-11-08,28,Good,2017
Allegheny,2017-11-09,56,Moderate,2017
Allegheny,2017-11-10,34,Good,2017
Allegheny,2017-11-11,36,Good,2017
Allegheny,2017-11-12,63,Moderate,2017
Allegheny,2017-11-13,60,Moderate,2017
Allegheny,2017-11-14,63,Moderate,2017
Allegheny,2017-11-15,59,Moderate,2017
Allegheny,2017-11-16,28,Good,2017
Allegheny,2017-11-17,34,Good,2017
Allegheny,2017-11-18,58,Moderate,2017
Allegheny,2017-11-19,31,Good,2017
Allegheny,2017-11-20,45,Good,2017
Allegheny,2017-11-21,114,Unhealthy for Sensitive Groups,2017
Allegheny,2017-11-22,30,Good,2017
Allegheny,2017-11-23,66,Moderate,2017
Allegheny,2017-11-24,96,Moderate,2017
Allegheny,2017-11-25,124,Unhealthy for Sensitive Groups,2017
Allegheny,2017-11-26,38,Good,2017
Allegheny,2017-11-27,84,Moderate,2017
Allegheny,2017-11-28,104,Unhealthy for Sensitive Groups,2017
Allegheny,2017-11-29,94,Moderate,2017
Allegheny,2017-11-30,71,Moderate,2017
Allegheny,2017-12-01,99,Moderate,2017
Allegheny,2017-12-02,147,Unhealthy for Sensitive Groups,2017
Allegheny,2017-12-03,164,Unhealthy,2017
Allegheny,2017-12-04,77,Moderate,2017
Allegheny,2017-12-05,49,Good,2017
Allegheny,2017-12-06,31,Good,2017
Allegheny,2017-12-07,30,Good,2017
Allegheny,2017-12-08,42,Good,2017
Allegheny,2017-12-09,48,Good,2017
Allegheny,2017-12-10,48,Good,2017
Allegheny,2017-12-11,51,Moderate,2017
Allegheny,2017-12-12,40,Good,2017
Allegheny,2017-12-13,34,Good,2017
Allegheny,2017-12-14,45,Good,2017
Allegheny,2017-12-15,62,Moderate,2017
Allegheny,2017-12-16,101,Unhealthy for Sensitive Groups,2017
Allegheny,2017-12-17,119,Unhealthy for Sensitive Groups,2017
Allegheny,2017-12-18,62,Moderate,2017
Allegheny,2017-12-19,45,Good,2017
Allegheny,2017-12-20,44,Good,2017
Allegheny,2017-12-21,45,Good,2017
Allegheny,2017-12-22,69,Moderate,2017
Allegheny,2017-12-23,37,Good,2017
Allegheny,2017-12-24,35,Good,2017
Allegheny,2017-12-25,34,Good,2017
Allegheny,2017-12-26,35,Good,2017
Allegheny,2017-12-27,47,Good,2017
Allegheny,2017-12-28,57,Moderate,2017
Allegheny,2017-12-29,58,Moderate,2017
Allegheny,2017-12-30,61,Moderate,2017
Allegheny,2017-12-31,57,Moderate,2017
Allegheny,1983-01-01,168,Unhealthy,1983
Allegheny,1983-01-02,143,Unhealthy for Sensitive Groups,1983
Allegheny,1983-01-03,97,Moderate,1983
Allegheny,1983-01-04,102,Unhealthy for Sensitive Groups,1983
Allegheny,1983-01-05,200,Unhealthy,1983
Allegheny,1983-01-06,200,Unhealthy,1983
Allegheny,1983-01-07,135,Unhealthy for Sensitive Groups,1983
Allegheny,1983-01-08,74,Moderate,1983
Allegheny,1983-01-09,56,Moderate,1983
Allegheny,1983-01-10,86,Moderate,1983
Allegheny,1983-01-11,150,Unhealthy for Sensitive Groups,1983
Allegheny,1983-01-12,134,Unhealthy for Sensitive Groups,1983
Allegheny,1983-01-13,155,Unhealthy,1983
Allegheny,1983-01-14,82,Moderate,1983
Allegheny,1983-01-15,132,Unhealthy for Sensitive Groups,1983
Allegheny,1983-01-16,172,Unhealthy,1983
Allegheny,1983-01-17,156,Unhealthy,1983
Allegheny,1983-01-18,145,Unhealthy for Sensitive Groups,1983
Allegheny,1983-01-19,132,Unhealthy for Sensitive Groups,1983
Allegheny,1983-01-20,163,Unhealthy,1983
Allegheny,1983-01-21,79,Moderate,1983
Allegheny,1983-01-22,64,Moderate,1983
Allegheny,1983-01-23,109,Unhealthy for Sensitive Groups,1983
Allegheny,1983-01-24,176,Unhealthy,1983
Allegheny,1983-01-25,186,Unhealthy,1983
Allegheny,1983-01-26,121,Unhealthy for Sensitive Groups,1983
Allegheny,1983-01-27,111,Unhealthy for Sensitive Groups,1983
Allegheny,1983-01-28,137,Unhealthy for Sensitive Groups,1983
Allegheny,1983-01-29,143,Unhealthy for Sensitive Groups,1983
Allegheny,1983-01-30,170,Unhealthy,1983
Allegheny,1983-01-31,164,Unhealthy,1983
Allegheny,1983-02-01,182,Unhealthy,1983
Allegheny,1983-02-02,113,Unhealthy for Sensitive Groups,1983
Allegheny,1983-02-03,185,Unhealthy,1983
Allegheny,1983-02-04,184,Unhealthy,1983
Allegheny,1983-02-05,91,Moderate,1983
Allegheny,1983-02-06,94,Moderate,1983
Allegheny,1983-02-07,111,Unhealthy for Sensitive Groups,1983
Allegheny,1983-02-08,141,Unhealthy for Sensitive Groups,1983
Allegheny,1983-02-09,103,Unhealthy for Sensitive Groups,1983
Allegheny,1983-02-10,99,Moderate,1983
Allegheny,1983-02-11,139,Unhealthy for Sensitive Groups,1983
Allegheny,1983-02-12,132,Unhealthy for Sensitive Groups,1983
Allegheny,1983-02-13,200,Unhealthy,1983
Allegheny,1983-02-14,200,Unhealthy,1983
Allegheny,1983-02-15,200,Unhealthy,1983
Allegheny,1983-02-16,153,Unhealthy,1983
Allegheny,1983-02-17,165,Unhealthy,1983
Allegheny,1983-02-18,200,Unhealthy,1983
Allegheny,1983-02-19,200,Unhealthy,1983
Allegheny,1983-02-20,164,Unhealthy,1983
Allegheny,1983-02-21,200,Unhealthy,1983
Allegheny,1983-02-22,200,Unhealthy,1983
Allegheny,1983-02-23,200,Unhealthy,1983
Allegheny,1983-02-24,127,Unhealthy for Sensitive Groups,1983
Allegheny,1983-02-25,200,Unhealthy,1983
Allegheny,1983-02-26,104,Unhealthy for Sensitive Groups,1983
Allegheny,1983-02-27,163,Unhealthy,1983
Allegheny,1983-02-28,200,Unhealthy,1983
Allegheny,1983-03-01,129,Unhealthy for Sensitive Groups,1983
Allegheny,1983-03-02,169,Unhealthy,1983
Allegheny,1983-03-03,200,Unhealthy,1983
Allegheny,1983-03-04,200,Unhealthy,1983
Allegheny,1983-03-05,200,Unhealthy,1983
Allegheny,1983-03-06,110,Unhealthy for Sensitive Groups,1983
Allegheny,1983-03-07,120,Unhealthy for Sensitive Groups,1983
Allegheny,1983-03-08,59,Moderate,1983
Allegheny,1983-03-09,97,Moderate,1983
Allegheny,1983-03-10,140,Unhealthy for Sensitive Groups,1983
Allegheny,1983-03-11,76,Moderate,1983
Allegheny,1983-03-12,137,Unhealthy for Sensitive Groups,1983
Allegheny,1983-03-13,200,Unhealthy,1983
Allegheny,1983-03-14,158,Unhealthy,1983
Allegheny,1983-03-15,91,Moderate,1983
Allegheny,1983-03-16,113,Unhealthy for Sensitive Groups,1983
Allegheny,1983-03-17,60,Moderate,1983
Allegheny,1983-03-18,60,Moderate,1983
Allegheny,1983-03-19,200,Unhealthy,1983
Allegheny,1983-03-20,179,Unhealthy,1983
Allegheny,1983-03-21,200,Unhealthy,1983
Allegheny,1983-03-22,168,Unhealthy,1983
Allegheny,1983-03-23,140,Unhealthy for Sensitive Groups,1983
Allegheny,1983-03-24,57,Moderate,1983
Allegheny,1983-03-25,69,Moderate,1983
Allegheny,1983-03-26,41,Good,1983
Allegheny,1983-03-27,49,Good,1983
Allegheny,1983-03-28,200,Unhealthy,1983
Allegheny,1983-03-29,104,Unhealthy for Sensitive Groups,1983
Allegheny,1983-03-30,102,Unhealthy for Sensitive Groups,1983
Allegheny,1983-03-31,114,Unhealthy for Sensitive Groups,1983
Allegheny,1983-04-01,101,Unhealthy for Sensitive Groups,1983
Allegheny,1983-04-02,59,Moderate,1983
Allegheny,1983-04-03,183,Unhealthy,1983
Allegheny,1983-04-04,200,Unhealthy,1983
Allegheny,1983-04-05,139,Unhealthy for Sensitive Groups,1983
Allegheny,1983-04-06,87,Moderate,1983
Allegheny,1983-04-07,192,Unhealthy,1983
Allegheny,1983-04-08,53,Moderate,1983
Allegheny,1983-04-09,52,Moderate,1983
Allegheny,1983-04-10,128,Unhealthy for Sensitive Groups,1983
Allegheny,1983-04-11,115,Unhealthy for Sensitive Groups,1983
Allegheny,1983-04-12,122,Unhealthy for Sensitive Groups,1983
Allegheny,1983-04-13,64,Moderate,1983
Allegheny,1983-04-14,86,Moderate,1983
Allegheny,1983-04-15,145,Unhealthy for Sensitive Groups,1983
Allegheny,1983-04-16,96,Moderate,1983
Allegheny,1983-04-17,145,Unhealthy for Sensitive Groups,1983
Allegheny,1983-04-18,110,Unhealthy for Sensitive Groups,1983
Allegheny,1983-04-19,75,Moderate,1983
Allegheny,1983-04-20,129,Unhealthy for Sensitive Groups,1983
Allegheny,1983-04-21,200,Unhealthy,1983
Allegheny,1983-04-22,200,Unhealthy,1983
Allegheny,1983-04-23,90,Moderate,1983
Allegheny,1983-04-24,48,Good,1983
Allegheny,1983-04-25,90,Moderate,1983
Allegheny,1983-04-26,180,Unhealthy,1983
Allegheny,1983-04-27,198,Unhealthy,1983
Allegheny,1983-04-28,200,Unhealthy,1983
Allegheny,1983-04-29,158,Unhealthy,1983
Allegheny,1983-04-30,195,Unhealthy,1983
Allegheny,1983-05-01,157,Unhealthy,1983
Allegheny,1983-05-02,176,Unhealthy,1983
Allegheny,1983-05-03,141,Unhealthy for Sensitive Groups,1983
Allegheny,1983-05-04,196,Unhealthy,1983
Allegheny,1983-05-05,174,Unhealthy,1983
Allegheny,1983-05-06,174,Unhealthy,1983
Allegheny,1983-05-07,158,Unhealthy,1983
Allegheny,1983-05-08,200,Unhealthy,1983
Allegheny,1983-05-09,85,Moderate,1983
Allegheny,1983-05-10,123,Unhealthy for Sensitive Groups,1983
Allegheny,1983-05-11,200,Unhealthy,1983
Allegheny,1983-05-12,135,Unhealthy for Sensitive Groups,1983
Allegheny,1983-05-13,154,Unhealthy,1983
Allegheny,1983-05-14,200,Unhealthy,1983
Allegheny,1983-05-15,154,Unhealthy,1983
Allegheny,1983-05-16,63,Moderate,1983
Allegheny,1983-05-17,82,Moderate,1983
Allegheny,1983-05-18,86,Moderate,1983
Allegheny,1983-05-19,108,Unhealthy for Sensitive Groups,1983
Allegheny,1983-05-20,173,Unhealthy,1983
Allegheny,1983-05-21,174,Unhealthy,1983
Allegheny,1983-05-22,120,Unhealthy for Sensitive Groups,1983
Allegheny,1983-05-23,200,Unhealthy,1983
Allegheny,1983-05-24,200,Unhealthy,1983
Allegheny,1983-05-25,200,Unhealthy,1983
Allegheny,1983-05-26,123,Unhealthy for Sensitive Groups,1983
Allegheny,1983-05-27,138,Unhealthy for Sensitive Groups,1983
Allegheny,1983-05-28,134,Unhealthy for Sensitive Groups,1983
Allegheny,1983-05-29,144,Unhealthy for Sensitive Groups,1983
Allegheny,1983-05-30,200,Unhealthy,1983
Allegheny,1983-05-31,171,Unhealthy,1983
Allegheny,1983-06-01,161,Unhealthy,1983
Allegheny,1983-06-02,200,Unhealthy,1983
Allegheny,1983-06-03,200,Unhealthy,1983
Allegheny,1983-06-04,173,Unhealthy,1983
Allegheny,1983-06-05,182,Unhealthy,1983
Allegheny,1983-06-06,121,Unhealthy for Sensitive Groups,1983
Allegheny,1983-06-07,200,Unhealthy,1983
Allegheny,1983-06-08,200,Unhealthy,1983
Allegheny,1983-06-09,101,Unhealthy for Sensitive Groups,1983
Allegheny,1983-06-10,153,Unhealthy,1983
Allegheny,1983-06-11,200,Unhealthy,1983
Allegheny,1983-06-12,207,Very Unhealthy,1983
Allegheny,1983-06-13,200,Unhealthy,1983
Allegheny,1983-06-14,185,Unhealthy,1983
Allegheny,1983-06-15,124,Unhealthy for Sensitive Groups,1983
Allegheny,1983-06-16,177,Unhealthy,1983
Allegheny,1983-06-17,150,Unhealthy for Sensitive Groups,1983
Allegheny,1983-06-18,112,Unhealthy for Sensitive Groups,1983
Allegheny,1983-06-19,85,Moderate,1983
Allegheny,1983-06-20,60,Moderate,1983
Allegheny,1983-06-21,81,Moderate,1983
Allegheny,1983-06-22,90,Moderate,1983
Allegheny,1983-06-23,200,Unhealthy,1983
Allegheny,1983-06-24,191,Unhealthy,1983
Allegheny,1983-06-25,200,Unhealthy,1983
Allegheny,1983-06-26,204,Very Unhealthy,1983
Allegheny,1983-06-27,212,Very Unhealthy,1983
Allegheny,1983-06-28,163,Unhealthy,1983
Allegheny,1983-06-29,121,Unhealthy for Sensitive Groups,1983
Allegheny,1983-06-30,77,Moderate,1983
Allegheny,1983-07-01,183,Unhealthy,1983
Allegheny,1983-07-02,168,Unhealthy,1983
Allegheny,1983-07-03,185,Unhealthy,1983
Allegheny,1983-07-04,160,Unhealthy,1983
Allegheny,1983-07-05,186,Unhealthy,1983
Allegheny,1983-07-06,102,Unhealthy for Sensitive Groups,1983
Allegheny,1983-07-07,105,Unhealthy for Sensitive Groups,1983
Allegheny,1983-07-08,158,Unhealthy,1983
Allegheny,1983-07-09,200,Unhealthy,1983
Allegheny,1983-07-10,71,Moderate,1983
Allegheny,1983-07-11,200,Unhealthy,1983
Allegheny,1983-07-12,200,Unhealthy,1983
Allegheny,1983-07-13,94,Moderate,1983
Allegheny,1983-07-14,200,Unhealthy,1983
Allegheny,1983-07-15,203,Very Unhealthy,1983
Allegheny,1983-07-16,192,Unhealthy,1983
Allegheny,1983-07-17,176,Unhealthy,1983
Allegheny,1983-07-18,151,Unhealthy,1983
Allegheny,1983-07-19,108,Unhealthy for Sensitive Groups,1983
Allegheny,1983-07-20,162,Unhealthy,1983
Allegheny,1983-07-21,169,Unhealthy,1983
Allegheny,1983-07-22,110,Unhealthy for Sensitive Groups,1983
Allegheny,1983-07-23,164,Unhealthy,1983
Allegheny,1983-07-24,173,Unhealthy,1983
Allegheny,1983-07-25,127,Unhealthy for Sensitive Groups,1983
Allegheny,1983-07-26,156,Unhealthy,1983
Allegheny,1983-07-27,209,Very Unhealthy,1983
Allegheny,1983-07-28,192,Unhealthy,1983
Allegheny,1983-07-29,200,Unhealthy,1983
Allegheny,1983-07-30,200,Unhealthy,1983
Allegheny,1983-07-31,164,Unhealthy,1983
Allegheny,1983-08-01,152,Unhealthy,1983
Allegheny,1983-08-02,110,Unhealthy for Sensitive Groups,1983
Allegheny,1983-08-03,203,Very Unhealthy,1983
Allegheny,1983-08-04,199,Unhealthy,1983
Allegheny,1983-08-05,143,Unhealthy for Sensitive Groups,1983
Allegheny,1983-08-06,126,Unhealthy for Sensitive Groups,1983
Allegheny,1983-08-07,200,Unhealthy,1983
Allegheny,1983-08-08,200,Unhealthy,1983
Allegheny,1983-08-09,200,Unhealthy,1983
Allegheny,1983-08-10,144,Unhealthy for Sensitive Groups,1983
Allegheny,1983-08-11,181,Unhealthy,1983
Allegheny,1983-08-12,127,Unhealthy for Sensitive Groups,1983
Allegheny,1983-08-13,79,Moderate,1983
Allegheny,1983-08-14,113,Unhealthy for Sensitive Groups,1983
Allegheny,1983-08-15,182,Unhealthy,1983
Allegheny,1983-08-16,230,Very Unhealthy,1983
Allegheny,1983-08-17,190,Unhealthy,1983
Allegheny,1983-08-18,141,Unhealthy for Sensitive Groups,1983
Allegheny,1983-08-19,169,Unhealthy,1983
Allegheny,1983-08-20,200,Unhealthy,1983
Allegheny,1983-08-21,200,Unhealthy,1983
Allegheny,1983-08-22,200,Unhealthy,1983
Allegheny,1983-08-23,106,Unhealthy for Sensitive Groups,1983
Allegheny,1983-08-24,166,Unhealthy,1983
Allegheny,1983-08-25,164,Unhealthy,1983
Allegheny,1983-08-26,177,Unhealthy,1983
Allegheny,1983-08-27,185,Unhealthy,1983
Allegheny,1983-08-28,118,Unhealthy for Sensitive Groups,1983
Allegheny,1983-08-29,85,Moderate,1983
Allegheny,1983-08-30,126,Unhealthy for Sensitive Groups,1983
Allegheny,1983-08-31,111,Unhealthy for Sensitive Groups,1983
Allegheny,1983-09-01,91,Moderate,1983
Allegheny,1983-09-02,200,Unhealthy,1983
Allegheny,1983-09-03,213,Very Unhealthy,1983
Allegheny,1983-09-04,154,Unhealthy,1983
Allegheny,1983-09-05,142,Unhealthy for Sensitive Groups,1983
Allegheny,1983-09-06,193,Unhealthy,1983
Allegheny,1983-09-07,161,Unhealthy,1983
Allegheny,1983-09-08,200,Unhealthy,1983
Allegheny,1983-09-09,200,Unhealthy,1983
Allegheny,1983-09-10,179,Unhealthy,1983
Allegheny,1983-09-11,200,Unhealthy,1983
Allegheny,1983-09-12,76,Moderate,1983
Allegheny,1983-09-13,118,Unhealthy for Sensitive Groups,1983
Allegheny,1983-09-14,106,Unhealthy for Sensitive Groups,1983
Allegheny,1983-09-15,122,Unhealthy for Sensitive Groups,1983
Allegheny,1983-09-16,169,Unhealthy,1983
Allegheny,1983-09-17,200,Unhealthy,1983
Allegheny,1983-09-18,181,Unhealthy,1983
Allegheny,1983-09-19,173,Unhealthy,1983
Allegheny,1983-09-20,138,Unhealthy for Sensitive Groups,1983
Allegheny,1983-09-21,119,Unhealthy for Sensitive Groups,1983
Allegheny,1983-09-22,175,Unhealthy,1983
Allegheny,1983-09-23,200,Unhealthy,1983
Allegheny,1983-09-24,200,Unhealthy,1983
Allegheny,1983-09-25,156,Unhealthy,1983
Allegheny,1983-09-26,199,Unhealthy,1983
Allegheny,1983-09-27,200,Unhealthy,1983
Allegheny,1983-09-28,91,Moderate,1983
Allegheny,1983-09-29,87,Moderate,1983
Allegheny,1983-09-30,111,Unhealthy for Sensitive Groups,1983
Allegheny,1983-10-01,60,Moderate,1983
Allegheny,1983-10-02,200,Unhealthy,1983
Allegheny,1983-10-03,153,Unhealthy,1983
Allegheny,1983-10-04,200,Unhealthy,1983
Allegheny,1983-10-05,200,Unhealthy,1983
Allegheny,1983-10-06,200,Unhealthy,1983
Allegheny,1983-10-07,200,Unhealthy,1983
Allegheny,1983-10-08,200,Unhealthy,1983
Allegheny,1983-10-09,85,Moderate,1983
Allegheny,1983-10-10,137,Unhealthy for Sensitive Groups,1983
Allegheny,1983-10-11,118,Unhealthy for Sensitive Groups,1983
Allegheny,1983-10-12,59,Moderate,1983
Allegheny,1983-10-13,169,Unhealthy,1983
Allegheny,1983-10-14,200,Unhealthy,1983
Allegheny,1983-10-15,200,Unhealthy,1983
Allegheny,1983-10-16,200,Unhealthy,1983
Allegheny,1983-10-17,200,Unhealthy,1983
Allegheny,1983-10-18,65,Moderate,1983
Allegheny,1983-10-19,184,Unhealthy,1983
Allegheny,1983-10-20,72,Moderate,1983
Allegheny,1983-10-21,95,Moderate,1983
Allegheny,1983-10-22,107,Unhealthy for Sensitive Groups,1983
Allegheny,1983-10-23,102,Unhealthy for Sensitive Groups,1983
Allegheny,1983-10-24,92,Moderate,1983
Allegheny,1983-10-25,117,Unhealthy for Sensitive Groups,1983
Allegheny,1983-10-26,160,Unhealthy,1983
Allegheny,1983-10-27,200,Unhealthy,1983
Allegheny,1983-10-28,200,Unhealthy,1983
Allegheny,1983-10-29,200,Unhealthy,1983
Allegheny,1983-10-30,80,Moderate,1983
Allegheny,1983-10-31,137,Unhealthy for Sensitive Groups,1983
Allegheny,1983-11-01,128,Unhealthy for Sensitive Groups,1983
Allegheny,1983-11-02,163,Unhealthy,1983
Allegheny,1983-11-03,128,Unhealthy for Sensitive Groups,1983
Allegheny,1983-11-04,123,Unhealthy for Sensitive Groups,1983
Allegheny,1983-11-05,128,Unhealthy for Sensitive Groups,1983
Allegheny,1983-11-06,176,Unhealthy,1983
Allegheny,1983-11-07,200,Unhealthy,1983
Allegheny,1983-11-08,200,Unhealthy,1983
Allegheny,1983-11-09,200,Unhealthy,1983
Allegheny,1983-11-10,129,Unhealthy for Sensitive Groups,1983
Allegheny,1983-11-11,174,Unhealthy,1983
Allegheny,1983-11-12,145,Unhealthy for Sensitive Groups,1983
Allegheny,1983-11-13,122,Unhealthy for Sensitive Groups,1983
Allegheny,1983-11-14,136,Unhealthy for Sensitive Groups,1983
Allegheny,1983-11-15,190,Unhealthy,1983
Allegheny,1983-11-16,161,Unhealthy,1983
Allegheny,1983-11-17,146,Unhealthy for Sensitive Groups,1983
Allegheny,1983-11-18,165,Unhealthy,1983
Allegheny,1983-11-19,176,Unhealthy,1983
Allegheny,1983-11-20,141,Unhealthy for Sensitive Groups,1983
Allegheny,1983-11-21,199,Unhealthy,1983
Allegheny,1983-11-22,200,Unhealthy,1983
Allegheny,1983-11-23,171,Unhealthy,1983
Allegheny,1983-11-24,124,Unhealthy for Sensitive Groups,1983
Allegheny,1983-11-25,181,Unhealthy,1983
Allegheny,1983-11-26,200,Unhealthy,1983
Allegheny,1983-11-27,200,Unhealthy,1983
Allegheny,1983-11-28,133,Unhealthy for Sensitive Groups,1983
Allegheny,1983-11-29,163,Unhealthy,1983
Allegheny,1983-11-30,158,Unhealthy,1983
Allegheny,1983-12-01,152,Unhealthy,1983
Allegheny,1983-12-02,149,Unhealthy for Sensitive Groups,1983
Allegheny,1983-12-03,150,Unhealthy for Sensitive Groups,1983
Allegheny,1983-12-04,162,Unhealthy,1983
Allegheny,1983-12-05,126,Unhealthy for Sensitive Groups,1983
Allegheny,1983-12-06,173,Unhealthy,1983
Allegheny,1983-12-07,128,Unhealthy for Sensitive Groups,1983
Allegheny,1983-12-08,149,Unhealthy for Sensitive Groups,1983
Allegheny,1983-12-09,126,Unhealthy for Sensitive Groups,1983
Allegheny,1983-12-10,96,Moderate,1983
Allegheny,1983-12-11,81,Moderate,1983
Allegheny,1983-12-12,44,Good,1983
Allegheny,1983-12-13,87,Moderate,1983
Allegheny,1983-12-14,152,Unhealthy,1983
Allegheny,1983-12-15,170,Unhealthy,1983
Allegheny,1983-12-16,166,Unhealthy,1983
Allegheny,1983-12-17,151,Unhealthy,1983
Allegheny,1983-12-18,128,Unhealthy for Sensitive Groups,1983
Allegheny,1983-12-19,51,Moderate,1983
Allegheny,1983-12-20,106,Unhealthy for Sensitive Groups,1983
Allegheny,1983-12-21,105,Unhealthy for Sensitive Groups,1983
Allegheny,1983-12-22,123,Unhealthy for Sensitive Groups,1983
Allegheny,1983-12-23,129,Unhealthy for Sensitive Groups,1983
Allegheny,1983-12-24,112,Unhealthy for Sensitive Groups,1983
Allegheny,1983-12-25,193,Unhealthy,1983
Allegheny,1983-12-26,154,Unhealthy,1983
Allegheny,1983-12-27,145,Unhealthy for Sensitive Groups,1983
Allegheny,1983-12-28,158,Unhealthy,1983
Allegheny,1983-12-29,129,Unhealthy for Sensitive Groups,1983
Allegheny,1983-12-30,164,Unhealthy,1983
Allegheny,1983-12-31,163,Unhealthy,1983